"","mean","sd"
"Bb",0.972094163411672,0.0651147848439404
"Bw",0.520309745892719,0.00206128447200115
