"","mean","sd"
"Bb",0.455361027950505,0.00642997939130479
"Bw",0.812291944723253,0.053004588150969
