"","mean","sd"
"Bb",0.430438400809424,0.226758921495672
"Bw",0.524845143794569,0.0198636203764691
