"","mean","sd"
"Bb",0.0234051669239064,0.051032420269341
"Bw",0.479832728055634,0.00161549079401771
