"","mean","sd"
"Bb",0.57332892779318,0.22491345183747
"Bw",0.474824845881242,0.0197019609874359
