"","mean","sd"
"Bb",0.544280207860534,0.00594944922957577
"Bw",0.190665475032231,0.049043408531792
