"","mean","sd"
"Bb",0.788636694677802,0.00687055368314919
"Bw",0.720815144006105,0.0172680386323637
