"","mean","sd"
"Bb",0.00117052501516516,0.000405392558709782
"Bw",0.802769103451417,1.82409735305041e-05
