"","mean","sd"
"Bb",0.511287837091466,0.280558986974161
"Bw",0.768232000730317,0.00264542808653345
