"","mean","sd"
"Bb",0.6360529973335,0.0289481654023174
"Bw",0.789067473047254,0.0042863687487211
