"","mean","sd"
"Bb",0.211026893573279,0.00658873034972982
"Bw",0.280030373159558,0.0165597207247512
