"","mean","sd"
"Bb",0.360818591770799,0.0336038159362631
"Bw",0.211395752255978,0.00497573315839365
