"","mean","sd"
"Bb",0.472689470774217,0.289553363642373
"Bw",0.231919079369633,0.00273023726308333
