"","mean","sd"
"Bb",0.364629719444268,0.0322227233996914
"Bw",0.2257672391758,0.00144988809485093
