"","mean","sd"
"Bb",0.465694264715685,0.00137750902986017
"Bw",0.860282131330924,0.0113907743358708
