"","mean","sd"
"Bb",0.971412727351957,0.0344333455114188
"Bw",0.538743841739735,0.00109209525591566
