"","mean","sd"
"Bb",0.445785584346585,0.23464969559647
"Bw",0.539791694847056,0.0204430833291824
