"","mean","sd"
"Bb",0.551685896648338,0.000908490213059147
"Bw",0.264114155408173,0.00751240592909536
