"","mean","sd"
"Bb",0.0272381172501769,0.0213721406932448
"Bw",0.495817334208413,0.000677843326380082
