"","mean","sd"
"Bb",0.221557703420395,0.0124538011067394
"Bw",0.520751525238991,0.00108499648014872
