"","mean","sd"
"Bb",0.34689173864657,0.00868434995256789
"Bw",0.127818989685142,0.0245612219899552
