"","mean","sd"
"Bb",0.998677745965878,0.00168344941785476
"Bw",0.274228656890515,5.11863087364905e-05
