"","mean","sd"
"Bb",0.156371853701691,0.0263562088690888
"Bw",0.318578725061326,0.0054624608861592
