"","mean","sd"
"Bb",0.657662369470759,0.0271775586241121
"Bw",0.0955492575530921,0.00563268987975066
