"","mean","sd"
"Bb",0.0743424059710109,0.0086352817029234
"Bw",0.519444675957221,0.0244224463557674
