"","mean","sd"
"Bb",0.993192514623235,0.00816387593730011
"Bw",0.172726758133473,0.000248227638906765
