"","mean","sd"
"Bb",0.0431221804598642,0.0272520753347518
"Bw",0.521575007013575,0.000828616011268287
