"","mean","sd"
"Bb",0.189459625252109,0.0324822624985004
"Bw",0.585147899153127,0.00673211725075195
