"","mean","sd"
"Bb",0.612698638494936,0.0104530095678914
"Bw",0.256767076460124,0.0295633743299567
