"","mean","sd"
"Bb",0.841060552713564,0.0928551702697079
"Bw",0.767677427361783,0.00214281134218613
