"","mean","sd"
"Bb",0.00671607236916817,0.00762985580905993
"Bw",0.770074669643588,1.77525501698489e-05
