"","mean","sd"
"Bb",0.579736828993892,0.0304698228762033
"Bw",0.793769002041876,0.00392714401285466
