"","mean","sd"
"Bb",0.000871701988394447,0.000103046985153189
"Bw",0.790192381684053,2.79718663233398e-06
