"","mean","sd"
"Bb",0.811020343044023,0.00643820543293423
"Bw",0.658032103519463,0.0171891647692765
