"","mean","sd"
"Bb",0.647350202732149,0.212162929689161
"Bw",0.769506831735078,0.000647113906702618
