"","mean","sd"
"Bb",0.296573421770557,0.0491232169254245
"Bw",0.78644451301037,0.00177804661547208
