"","mean","sd"
"Bb",0.0632238690620696,0.0444989457033116
"Bw",0.767747727625949,7.79916063833357e-05
