"","mean","sd"
"Bb",0.151869436252344,0.10327915297884
"Bw",0.232485726717729,0.0023833647579518
