"","mean","sd"
"Bb",0.998712442930295,0.000432359928319294
"Bw",0.229912699712713,1.00598117592353e-06
