"","mean","sd"
"Bb",0.427262305012075,0.0353049585768352
"Bw",0.205328905178709,0.00455032696653393
