"","mean","sd"
"Bb",0.990671684613707,0.00196866142496185
"Bw",0.210037171135142,5.34388600823259e-05
