"","mean","sd"
"Bb",0.693586053110026,0.0532895334846953
"Bw",0.213911671162373,0.00192884913861389
