"","mean","sd"
"Bb",0.191294366786489,0.00542227538174189
"Bw",0.33578792457933,0.0144767646717783
