"","mean","sd"
"Bb",0.358966494203944,0.212678727923058
"Bw",0.230473901833988,0.000648687132575274
