"","mean","sd"
"Bb",0.987981374686231,0.0284115768238545
"Bw",0.232162526894645,4.9795888000353e-05
