"","mean","sd"
"Bb",0.991974359038627,0.0257381044164817
"Bw",0.304289909845771,0.000100474647197581
