"","mean","sd"
"Bb",0.01318654054499,0.00668856719165454
"Bw",0.287517188822711,8.21416306218965e-05
