"","mean","sd"
"Bb",0.0180501573836685,0.0271370252620809
"Bw",0.303704662022809,0.00015369534859551
