"","mean","sd"
"Bb",0.328455978751662,0.00385039557784852
"Bw",0.106793631821466,0.0150029724283688
