"","mean","sd"
"Bb",0.16716760517667,0.0488425268652668
"Bw",0.285300505124597,0.00106244778090109
