"","mean","sd"
"Bb",0.0958759141897023,0.0180585594899772
"Bw",0.324759377940593,0.0037525331896646
