"","mean","sd"
"Bb",0.448183563750168,0.0154465013488367
"Bw",0.186197027973403,0.000336000246793695
