"","mean","sd"
"Bb",0.980048304356017,0.0209850372705255
"Bw",0.184142259300643,0.000257715162406234
