"","mean","sd"
"Bb",0.992599021205608,0.00771646014986952
"Bw",0.146632167064887,3.01229880268815e-05
