"","mean","sd"
"Bb",0.0503185288112455,0.0040402480351323
"Bw",0.744026228446147,0.0157427278962156
