"","mean","sd"
"Bb",0.842851991758939,0.0148160477197618
"Bw",0.0618420536839144,0.0030787456130661
