"","mean","sd"
"Bb",0.969483682784501,0.0275200872559715
"Bw",0.156000666682572,0.000155864888038984
