"","mean","sd"
"Bb",0.00251266069497885,0.00245955709347413
"Bw",0.54035104481757,1.39301371915738e-05
