"","mean","sd"
"Bb",0.36953798029991,0.196025548239666
"Bw",0.543791836061216,0.000765231094038155
