"","mean","sd"
"Bb",0.714894762951832,0.167174555669503
"Bw",0.52131878752872,0.00363646697035439
