"","mean","sd"
"Bb",0.0800257436494308,0.00282278637999455
"Bw",0.609501596941092,0.000586569464975424
