"","mean","sd"
"Bb",0.0395375869938757,0.0462406282754306
"Bw",0.527938076986995,0.000567876571870893
