"","mean","sd"
"Bb",0.625199407070726,0.00401715104169045
"Bw",0.133695878765064,0.0156527310247825
