"","mean","sd"
"Bb",0.34412684477852,0.00720412814921337
"Bw",0.106296197693005,0.020792811374292
