"","mean","sd"
"Bb",0.00367849322021517,0.00076606601500326
"Bw",0.298633212049852,2.33256822953416e-05
