"","mean","sd"
"Bb",0.123820705651654,0.0331195383916126
"Bw",0.316855099116355,0.00673936713347369
