"","mean","sd"
"Bb",0.649887277416143,0.0323655798802057
"Bw",0.102090435424635,0.00658594702381827
