"","mean","sd"
"Bb",0.0813005780610544,0.00726384712940474
"Bw",0.515614986955249,0.020965174422931
