"","mean","sd"
"Bb",0.0669308757237087,0.0666005430883149
"Bw",0.204435819551917,0.0020278971764183
