"","mean","sd"
"Bb",0.636167959483488,0.0114106881031712
"Bw",0.200310028386667,0.0329339346088706
