"","mean","sd"
"Bb",0.755193483433312,0.0365554760481717
"Bw",0.502235037920794,0.00111306519771789
