"","mean","sd"
"Bb",0.163911652720212,0.0248634990967705
"Bw",0.593748005303822,0.00505937753885976
