"","mean","sd"
"Bb",0.587836021869884,0.103540051674423
"Bw",0.555894508063614,0.00210692358734151
