"","mean","sd"
"Bb",0.241676213133356,0.0107542004765266
"Bw",0.709233757825484,0.00637553107340569
