"","mean","sd"
"Bb",0.737389945334254,0.00725426813795228
"Bw",0.258379982957267,0.00993299283797771
