"","mean","sd"
"Bb",0.262278106331746,0.00680372792834239
"Bw",0.742074541243038,0.00931608530296906
