"","mean","sd"
"Bb",0.426618140423946,0.104666538007296
"Bw",0.443811365992081,0.00212984631711773
