"","mean","sd"
"Bb",0.755876448850803,0.0105950130227671
"Bw",0.292217124515903,0.00628115822252245
