"","mean","sd"
"Bb",0.322602173944314,0.00130860323762396
"Bw",0.352993444850768,0.00366168176576415
