"","mean","sd"
"Bb",0.341230050772368,0.0156317663414094
"Bw",0.330487984424647,0.00218078718170821
