"","mean","sd"
"Bb",0.416798416946157,0.00521276319770961
"Bw",0.331029821876491,0.000314950015945707
