"","mean","sd"
"Bb",0.34867631064622,0.00577172427694233
"Bw",0.341806065970369,8.15413826826955e-05
