"","mean","sd"
"Bb",0.266857285274452,0.00565299400880321
"Bw",0.302787435669058,0.000112451560824785
