"","mean","sd"
"Bb",0.000678942284389468,6.47817629601244e-05
"Bw",0.348191596021565,3.51589104516462e-06
