"","mean","sd"
"Bb",0.169516335725369,0.0119371323082875
"Bw",0.529769552616834,0.000721229771667564
