"","mean","sd"
"Bb",0.744841988130792,0.00949287984937026
"Bw",0.494882241196694,0.000134112877091296
