"","mean","sd"
"Bb",0.776867505865964,0.00850690513259876
"Bw",0.517926049399131,0.000169222673588439
