"","mean","sd"
"Bb",0.560559962357429,0.00300626816043608
"Bw",0.398062280928792,0.00841202053424032
