"","mean","sd"
"Bb",0.686114494269179,0.00920932346479519
"Bw",0.493073044648897,0.00128479239809435
