"","mean","sd"
"Bb",0.729216282980182,0.00913505495199095
"Bw",0.505452678596146,0.000495785487075545
