"","mean","sd"
"Bb",0.343527629370526,0.00555124959070034
"Bw",0.320352510236609,0.000331009547201289
