"","mean","sd"
"Bb",0.329992358208289,0.00611989703216385
"Bw",0.326122319714104,8.6633722918914e-05
