"","mean","sd"
"Bb",0.362544854781727,0.00243534722221975
"Bw",0.198058119894123,0.00685984603783532
