"","mean","sd"
"Bb",0.000874506847187165,0.000295683224216769
"Bw",0.298879582273133,5.86194111366566e-06
