"","mean","sd"
"Bb",0.20184764967511,0.0124337100151995
"Bw",0.336728633943732,0.00172966068763866
