"","mean","sd"
"Bb",0.245781377158612,0.0391866106549445
"Bw",0.322979605820055,0.00212175420540019
