"","mean","sd"
"Bb",0.00882745869066862,0.000677081420257663
"Bw",0.32199801543605,1.34231876875146e-05
