"","mean","sd"
"Bb",0.0831661789756462,0.00760822590354265
"Bw",0.309648654283482,0.00010770261842117
