"","mean","sd"
"Bb",0.382120778735183,0.00215861875029929
"Bw",0.178323845278712,0.00608036182534196
