"","mean","sd"
"Bb",0.0700486929693587,0.00565726578260714
"Bw",0.340908311198503,0.000306311958719982
