"","mean","sd"
"Bb",0.329105932577333,0.0114525390570714
"Bw",0.328004844674694,0.00159316942058704
