"","mean","sd"
"Bb",0.053011940390424,0.00366678704300253
"Bw",0.337056770408146,0.000218642937766865
