"","mean","sd"
"Bb",0.406504612430595,0.0125531763649993
"Bw",0.139634472371758,0.000758450546547553
