"","mean","sd"
"Bb",0.309173162514769,0.00592163131359449
"Bw",0.129491397161884,0.000826126579776171
