"","mean","sd"
"Bb",0.33902697201925,0.00980955013442805
"Bw",0.157200808463308,0.000138586710500363
