"","mean","sd"
"Bb",0.609489493724412,0.0152636227979115
"Bw",0.127936348679973,0.000828400343858971
