"","mean","sd"
"Bb",0.818597274596106,0.0252136446062201
"Bw",0.162132868185807,0.000501559648857859
