"","mean","sd"
"Bb",0.11105701430564,0.00160911835421777
"Bw",0.26512001803413,0.00450257126621045
