"","mean","sd"
"Bb",0.596627199793002,0.0147747041363809
"Bw",0.124120872819317,0.000880985091070176
