"","mean","sd"
"Bb",0.0855007815204803,0.00141236578078548
"Bw",0.315651472984782,0.00397832872327116
