"","mean","sd"
"Bb",0.499692972699983,0.0166877364066526
"Bw",0.170997464479905,0.000330835570382336
