"","mean","sd"
"Bb",0.42309353863114,0.0118300837094243
"Bw",0.159100147077783,0.000167467555222483
