"","mean","sd"
"Bb",0.720835666511651,0.0131767532154981
"Bw",0.11595207772646,0.00071345367923459
