"","mean","sd"
"Bb",0.326951823963515,0.00857646484137529
"Bw",0.120215112589251,0.00119307705076826
