"","mean","sd"
"Bb",0.115286225066651,0.00387391531390654
"Bw",0.0195328681665168,0.000230243648132484
