"","mean","sd"
"Bb",0.00995002660647189,0.000759999249509956
"Bw",0.0308928883394611,1.50008228409271e-05
