"","mean","sd"
"Bb",2.08759521555552e-05,5.7299813572113e-07
"Bw",0.0253249470901199,3.09649464880316e-08
