"","mean","sd"
"Bb",0.000109108961674954,2.87892084330581e-06
"Bw",0.0271146937606657,4.0007982032282e-07
