"","mean","sd"
"Bb",0.0108854045416404,0.000681900719880515
"Bw",0.0270934690663061,9.63705090824125e-06
