"","mean","sd"
"Bb",0.0312198392166102,2.30682369006322e-05
"Bw",0.00250761470659345,6.51310445995077e-05
