"","mean","sd"
"Bb",0.0469764657639851,0.0027793294646911
"Bw",0.141667730955275,3.92792363479186e-05
