"","mean","sd"
"Bb",0.0448794504509015,0.00196821843539128
"Bw",0.14821659219365,0.000106362961290399
