"","mean","sd"
"Bb",0.046240839667741,0.00221786482971637
"Bw",0.148305560014581,0.000131817359978291
