"","mean","sd"
"Bb",0.175431407036914,0.00072186459141925
"Bw",0.0558993079347589,0.00203811826196584
