"","mean","sd"
"Bb",0.051075315296255,0.00172648373669287
"Bw",0.157330028476719,0.000239927160474905
