"","mean","sd"
"Bb",0.0149365949179268,0.00131405723963996
"Bw",0.132768258160614,2.59367885789186e-05
