"","mean","sd"
"Bb",0.0647628596405339,0.00343713861794304
"Bw",0.145792244096563,0.000204284108042156
