"","mean","sd"
"Bb",0.145274351166746,0.00197236902917262
"Bw",0.135731065610227,0.00556880249492365
