"","mean","sd"
"Bb",0.189766040056134,0.00862459338758882
"Bw",0.135153924623625,0.00119854833136081
