"","mean","sd"
"Bb",0.534336876494688,0.0486446686750278
"Bw",0.153082337222673,0.00096014575990726
