"","mean","sd"
"Bb",0.346368624814345,0.0254484992246264
"Bw",0.132708643430691,0.0013752425489245
