"","mean","sd"
"Bb",0.269788791453713,0.0141337030564129
"Bw",0.20279034958822,0.000842763520634724
