"","mean","sd"
"Bb",0.00403720271476488,0.000510368702250905
"Bw",0.207389755932437,7.22481775509001e-06
