"","mean","sd"
"Bb",0.486189185761191,0.035072393771497
"Bw",0.208212482918561,0.000695312720390375
