"","mean","sd"
"Bb",0.370310941778088,0.0227792187139153
"Bw",0.198124303175952,0.00123337799044588
