"","mean","sd"
"Bb",0.18738247011491,0.00163022950825007
"Bw",0.258535150610658,0.0045920036908488
