"","mean","sd"
"Bb",0.332676426434077,0.00725496254938471
"Bw",0.18853945838373,0.0010092420923941
