"","mean","sd"
"Bb",0.428105724357424,0.0198883991235955
"Bw",0.13285699640985,0.00107477350484752
