"","mean","sd"
"Bb",0.114646200522558,0.0114425743345618
"Bw",0.147727299656776,0.0006800819959484
