"","mean","sd"
"Bb",0.145693900640261,0.00200169195733794
"Bw",0.149730583510717,0.00565159308487426
