"","mean","sd"
"Bb",0.191192380547337,0.011456054538396
"Bw",0.0512450066942674,0.00022611896616646
