"","mean","sd"
"Bb",0.000348414349327504,2.06345060873767e-05
"Bw",0.0501629316842056,2.91619849976034e-07
