"","mean","sd"
"Bb",0.0675705354769693,0.00165021609405786
"Bw",0.0463107395231204,9.80795249547325e-05
