"","mean","sd"
"Bb",0.032310300591434,0.000615921378664774
"Bw",0.0845743042206684,0.00173899734758257
