"","mean","sd"
"Bb",0.000193775097887696,5.00121538631149e-06
"Bw",0.0523351564325253,6.95012284829964e-07
