"","mean","sd"
"Bb",0.19903630981806,0.00522252645115537
"Bw",0.0380812572287528,0.00028222648907965
