"","mean","sd"
"Bb",0.000428663394806674,6.26530698444953e-05
"Bw",0.271917715859409,8.85452685479305e-07
