"","mean","sd"
"Bb",0.000749915614140922,2.43689897833417e-05
"Bw",0.23851872060348,4.8099376254261e-07
