"","mean","sd"
"Bb",0.297792570932802,0.011948847827916
"Bw",0.248371489122603,0.00166051557241434
