"","mean","sd"
"Bb",0.572461034423123,0.0147066764759421
"Bw",0.2412223621972,0.000874081793055628
