"","mean","sd"
"Bb",0.232927489170419,0.00252874775122447
"Bw",0.310302315263204,0.00713968662951404
