"","mean","sd"
"Bb",0.383331457507768,0.0280858453496834
"Bw",0.246413489360633,0.00151776531914388
