"","mean","sd"
"Bb",0.0326001774445506,0.00183559151239743
"Bw",0.252926102681932,9.91957729220761e-05
