"","mean","sd"
"Bb",0.0870301623160372,0.00307669267235275
"Bw",0.247067517773419,0.000182861236672366
