"","mean","sd"
"Bb",0.216903010926295,0.0097407251854028
"Bw",0.247430455652692,0.00135365569048267
