"","mean","sd"
"Bb",0.0224153893633281,0.00176208836328034
"Bw",0.229407895339559,2.49029437375116e-05
