"","mean","sd"
"Bb",0.28507643472881,0.00178864020033788
"Bw",0.125918353214857,0.00505006104985364
