"","mean","sd"
"Bb",0.386188856991114,0.00241933907073887
"Bw",0.389498054205056,0.00682218943645186
