"","mean","sd"
"Bb",0.453623659135136,0.0045351404606282
"Bw",0.390126890822647,0.000267686956588632
