"","mean","sd"
"Bb",0.000441505085576798,3.01697151669637e-05
"Bw",0.372962998282522,5.90284340595293e-07
