"","mean","sd"
"Bb",5.37683563943179e-05,6.38114046101247e-06
"Bw",0.407753229413393,3.45712025104525e-07
