"","mean","sd"
"Bb",0.410729117342919,0.0159821474605021
"Bw",0.385236251973605,0.00223737009922511
