"","mean","sd"
"Bb",0.371042180647494,0.00736867403515018
"Bw",0.400066910727482,0.000103788957190509
