"","mean","sd"
"Bb",0.751379957908723,0.0076213495547937
"Bw",0.598208753790018,0.000107347932464262
