"","mean","sd"
"Bb",0.750630496536017,0.00640419365704767
"Bw",0.605753987392309,0.000346960981640853
