"","mean","sd"
"Bb",0.359268680404155,0.0248558465629448
"Bw",0.620917150837798,0.00146711793772029
