"","mean","sd"
"Bb",0.616489894611636,0.00179818528807936
"Bw",0.602948250197584,0.00507062479397385
