"","mean","sd"
"Bb",0.801656811235373,0.00607176280597947
"Bw",0.630909039096903,0.000118796829348269
