"","mean","sd"
"Bb",0.606681910103595,0.0181644169768664
"Bw",0.612326346400494,0.00254287000632024
