"","mean","sd"
"Bb",0.755371214946576,0.0209192310029462
"Bw",0.415515971739494,0.00122857386547649
