"","mean","sd"
"Bb",0.46382857854738,0.021513924253332
"Bw",0.421542900582386,0.00300670911908827
