"","mean","sd"
"Bb",0.362770231468704,0.00956371621035471
"Bw",0.429696675405001,0.000516690733234221
