"","mean","sd"
"Bb",0.36090989104174,0.0122615066986777
"Bw",0.44702587674172,0.000172358473672636
