"","mean","sd"
"Bb",4.60289296306936e-05,1.37049071692486e-05
"Bw",0.423979662818362,2.67676538149221e-07
