"","mean","sd"
"Bb",0.397243990213938,0.00239354181253519
"Bw",0.505865294584989,0.00677108695864635
