"","mean","sd"
"Bb",0.258548526261653,0.0218430799372407
"Bw",0.583666530224359,0.00128283095820436
