"","mean","sd"
"Bb",0.759477253845587,0.00582422680271727
"Bw",0.56369876404199,0.000314660530595855
