"","mean","sd"
"Bb",0.803435291119954,0.00991655623026927
"Bw",0.579858629501434,0.000193684598467039
