"","mean","sd"
"Bb",0.569448469502651,0.0140818629059989
"Bw",0.573806418182048,0.0019680308025004
