"","mean","sd"
"Bb",0.622343922522288,0.00443129645829042
"Bw",0.438722487512336,0.0125356881177044
