"","mean","sd"
"Bb",0.763349892108266,0.00921412553290236
"Bw",0.551227418951138,0.000129521815883396
